{
  "initialize": ["noop"],

  "build.dev": [
    "initialize",
    "clean.once",
    "tslint",
    "build.assets.dev",
    "build.html_css",
    "build.js.dev",
    "build.index.dev",
    "sw.manifest.static"
  ],

  "build.dev.watch": ["build.dev", "watch.dev"],

  "build.prod.rollup.aot": [
    "initialize",
    "check.tools",
    "clean.prod",
    "tslint",
    "build.assets.prod",
    "build.html_css",
    "copy.prod.rollup.aot",
    "compile.ahead.prod",
    "build.js.prod.rollup.aot",
    "build.bundles",
    "build.bundles.app.rollup.aot",
    "transpile.bundles.rollup.aot",
    "minify.bundles",
    "build.index.prod",
    "sw.manifest.static",
    "minify.index",

    "deprecate.notification"
  ],

  "build.test": [
    "initialize",
    "clean.once",
    "build.assets.dev",
    "build.html_css",
    "build.js.dev",
    "build.js.test",
    "build.index.dev"
  ],

  "serve.dev": ["build.dev", "server.start", "watch.dev"],

  "serve.prod.rollup.aot": ["build.prod.rollup.aot", "server.prod"],

  "sme.prod.rollup.aot": ["build.prod.rollup.aot", "build.sme.prod.rollup.aot"],

  "test": ["build.test", "karma.run"]
}
